"dte","collectionid","collectionname","marketcupusd"
2021-04-30,504,BoredApeYachtClub,439.52
2021-05-01,504,BoredApeYachtClub,1416202.0687037518
2021-05-02,504,BoredApeYachtClub,4256936.197339389
2021-05-03,504,BoredApeYachtClub,3483296.2647099993
2021-05-04,504,BoredApeYachtClub,1161868.0765489377
2021-05-05,504,BoredApeYachtClub,611240.3614000004
2021-05-06,504,BoredApeYachtClub,529983.9087575
2021-05-07,504,BoredApeYachtClub,331017.8682
2021-05-08,504,BoredApeYachtClub,271970.149109375
2021-05-09,504,BoredApeYachtClub,373943.0113
2021-05-10,504,BoredApeYachtClub,154625.08289999995
2021-05-11,504,BoredApeYachtClub,69227.07430000002
2021-05-12,504,BoredApeYachtClub,87272.99319999998
2021-05-13,504,BoredApeYachtClub,77326.76339999998
2021-05-14,504,BoredApeYachtClub,83658.915325
2021-05-15,504,BoredApeYachtClub,226386.84620000003
2021-05-16,504,BoredApeYachtClub,233989.3258000001
2021-05-17,504,BoredApeYachtClub,117755.89060000001
2021-05-18,504,BoredApeYachtClub,122490.06000599999
2021-05-19,504,BoredApeYachtClub,71908.01629999999
2021-05-20,504,BoredApeYachtClub,125740.9247
2021-05-21,504,BoredApeYachtClub,137384.76220000006
2021-05-22,504,BoredApeYachtClub,106137.20929999999
2021-05-23,504,BoredApeYachtClub,70014.5672
2021-05-24,504,BoredApeYachtClub,120938.66890000005
2021-05-25,504,BoredApeYachtClub,136461.0138
2021-05-26,504,BoredApeYachtClub,88864.64910000004
2021-05-27,504,BoredApeYachtClub,140401.0335
2021-05-28,504,BoredApeYachtClub,206171.4938320001
2021-05-29,504,BoredApeYachtClub,220997.3599700001
2021-05-30,504,BoredApeYachtClub,1228584.738600001
2021-05-31,504,BoredApeYachtClub,1283468.3494000009
2021-06-01,504,BoredApeYachtClub,2091727.4177000013
2021-06-02,504,BoredApeYachtClub,1151003.584414599
2021-06-03,504,BoredApeYachtClub,809570.5096931247
2021-06-04,504,BoredApeYachtClub,466449.4174999998
2021-06-05,504,BoredApeYachtClub,1143607.9298999999
2021-06-06,504,BoredApeYachtClub,1455009.6606000005
2021-06-07,504,BoredApeYachtClub,3097223.1808226234
2021-06-08,504,BoredApeYachtClub,1960655.0348999992
2021-06-09,504,BoredApeYachtClub,1044206.0303025001
2021-06-10,504,BoredApeYachtClub,806989.3788999995
2021-06-11,504,BoredApeYachtClub,703388.7957499997
2021-06-12,504,BoredApeYachtClub,463889.3294999999
2021-06-13,504,BoredApeYachtClub,633042.2048999997
2021-06-14,504,BoredApeYachtClub,619364.3799
2021-06-15,504,BoredApeYachtClub,1799669.8960999988
2021-06-16,504,BoredApeYachtClub,1312457.5298
2021-06-17,504,BoredApeYachtClub,1766553.1724585993
2021-06-18,504,BoredApeYachtClub,1263979.2694
2021-06-19,504,BoredApeYachtClub,4258992.758860344
2021-06-20,504,BoredApeYachtClub,5477899.830759804
2021-06-21,504,BoredApeYachtClub,3996665.683100001
2021-06-22,504,BoredApeYachtClub,1356677.8554
2021-06-23,504,BoredApeYachtClub,1174922.2493000005
2021-06-24,504,BoredApeYachtClub,1307485.3748944297
2021-06-25,504,BoredApeYachtClub,1101040.1142000002
2021-06-26,504,BoredApeYachtClub,960138.381
2021-06-27,504,BoredApeYachtClub,594184.6095
2021-06-28,504,BoredApeYachtClub,500475.20469999994
2021-06-29,504,BoredApeYachtClub,662227.3179000001
2021-06-30,504,BoredApeYachtClub,492514.4149543866
2021-07-01,504,BoredApeYachtClub,544586.4772000002
2021-07-02,504,BoredApeYachtClub,255525.80074999997
2021-07-03,504,BoredApeYachtClub,243323.54199999996
2021-07-04,504,BoredApeYachtClub,449815.7677999999
2021-07-05,504,BoredApeYachtClub,422866.6694
2021-07-06,504,BoredApeYachtClub,343805.80600000004
2021-07-07,504,BoredApeYachtClub,535010.9788000002
2021-07-08,504,BoredApeYachtClub,393218.742
2021-07-09,504,BoredApeYachtClub,557221.9574000001
2021-07-10,504,BoredApeYachtClub,609729.6183999999
2021-07-11,504,BoredApeYachtClub,1316331.6815000006
2021-07-12,504,BoredApeYachtClub,1612176.51339931
2021-07-13,504,BoredApeYachtClub,1654483.2842
2021-07-14,504,BoredApeYachtClub,1893722.5247812497
2021-07-15,504,BoredApeYachtClub,3648210.1858776254
2021-07-16,504,BoredApeYachtClub,4218999.566199999
2021-07-17,504,BoredApeYachtClub,5058293.210777814
2021-07-18,504,BoredApeYachtClub,2335186.6473750006
2021-07-19,504,BoredApeYachtClub,995725.688
2021-07-20,504,BoredApeYachtClub,744799.1975
2021-07-21,504,BoredApeYachtClub,978646.1499000001
2021-07-22,504,BoredApeYachtClub,649020.5912000001
2021-07-23,504,BoredApeYachtClub,701326.1198999999
2021-07-24,504,BoredApeYachtClub,449033.067
2021-07-25,504,BoredApeYachtClub,1087299.1902500002
2021-07-26,504,BoredApeYachtClub,896569.5030000001
2021-07-27,504,BoredApeYachtClub,766110.2274000002
2021-07-28,504,BoredApeYachtClub,638355.8363000001
2021-07-29,504,BoredApeYachtClub,397966.97500000003
2021-07-30,504,BoredApeYachtClub,932481.5050000001
2021-07-31,504,BoredApeYachtClub,3322436.7424000003
2021-08-01,504,BoredApeYachtClub,8008882.849100001
2021-08-02,504,BoredApeYachtClub,2692456.0719000003
2021-08-03,504,BoredApeYachtClub,4276593.902899999
2021-08-04,504,BoredApeYachtClub,18014861.7537
2021-08-05,504,BoredApeYachtClub,8127661.017947782
2021-08-06,504,BoredApeYachtClub,6852261.971000001
2021-08-07,504,BoredApeYachtClub,5567237.889705072
2021-08-08,504,BoredApeYachtClub,7087660.777
2021-08-09,504,BoredApeYachtClub,3786645.6081000012
2021-08-10,504,BoredApeYachtClub,3664287.2769
2021-08-11,504,BoredApeYachtClub,5028605.195100001
2021-08-12,504,BoredApeYachtClub,2345820.8627999993
2021-08-13,504,BoredApeYachtClub,2029527.3542
2021-08-14,504,BoredApeYachtClub,3042244.4784
2021-08-15,504,BoredApeYachtClub,3507762.599499999
2021-08-16,504,BoredApeYachtClub,1935271.9089999998
2021-08-17,504,BoredApeYachtClub,1937604.9842000003
2021-08-18,504,BoredApeYachtClub,1582044.197
2021-08-19,504,BoredApeYachtClub,1572294.8332000002
2021-08-20,504,BoredApeYachtClub,9581353.614600003
2021-08-21,504,BoredApeYachtClub,21663761.548600003
2021-08-22,504,BoredApeYachtClub,5780166.057000001
2021-08-23,504,BoredApeYachtClub,18284458.3329
2021-08-24,504,BoredApeYachtClub,15623146.146899998
2021-08-25,504,BoredApeYachtClub,12485940.734499997
2021-08-26,504,BoredApeYachtClub,12963017.513300003
2021-08-27,504,BoredApeYachtClub,8813502.173400002
2021-08-28,504,BoredApeYachtClub,53999978.71960001
2021-08-29,1,MutantApeYachtClub,128838240.85352165
2021-08-29,504,BoredApeYachtClub,17477934.392974216
2021-08-30,1,MutantApeYachtClub,39502851.38886049
2021-08-30,504,BoredApeYachtClub,19203952.184099995
2021-08-31,1,MutantApeYachtClub,17353994.868253503
2021-08-31,504,BoredApeYachtClub,9853281.464200001
2021-09-01,1,MutantApeYachtClub,15432702.405005146
2021-09-01,504,BoredApeYachtClub,10597289.24
2021-09-02,1,MutantApeYachtClub,9655919.789353257
2021-09-02,504,BoredApeYachtClub,10635231.785000002
2021-09-03,1,MutantApeYachtClub,6918777.286228651
2021-09-03,504,BoredApeYachtClub,8371008.925500001
2021-09-04,1,MutantApeYachtClub,4483607.171399999
2021-09-04,504,BoredApeYachtClub,3332365.8083999995
2021-09-05,1,MutantApeYachtClub,5006120.570427003
2021-09-05,504,BoredApeYachtClub,8613225.53250625
2021-09-06,1,MutantApeYachtClub,4573451.841133752
2021-09-06,504,BoredApeYachtClub,15536084.3475
2021-09-07,1,MutantApeYachtClub,3244145.2528874697
2021-09-07,504,BoredApeYachtClub,3076142.43532
2021-09-08,1,MutantApeYachtClub,2382573.8157583904
2021-09-08,504,BoredApeYachtClub,2577198.2249999996
2021-09-09,1,MutantApeYachtClub,2365789.0497942185
2021-09-09,504,BoredApeYachtClub,3781179.5706999996
2021-09-10,1,MutantApeYachtClub,1887543.4314614998
2021-09-10,504,BoredApeYachtClub,6516906.289812501
2021-09-11,1,MutantApeYachtClub,1465518.6115854997
2021-09-11,504,BoredApeYachtClub,1758730.73
2021-09-12,1,MutantApeYachtClub,1246835.5114800003
2021-09-12,504,BoredApeYachtClub,1808530.43
2021-09-13,1,MutantApeYachtClub,1637385.4530124995
2021-09-13,504,BoredApeYachtClub,3422231.44
2021-09-14,1,MutantApeYachtClub,1580072.8090049995
2021-09-14,504,BoredApeYachtClub,2174351.7575
2021-09-15,1,MutantApeYachtClub,2897242.6328698136
2021-09-15,504,BoredApeYachtClub,5239448.1384000005
2021-09-16,1,MutantApeYachtClub,3324712.282782001
2021-09-16,504,BoredApeYachtClub,7591422.047599999
2021-09-17,1,MutantApeYachtClub,1983903.4332654
2021-09-17,504,BoredApeYachtClub,4524683.3
2021-09-18,1,MutantApeYachtClub,1340900.5812651403
2021-09-18,504,BoredApeYachtClub,2675868.583
2021-09-19,1,MutantApeYachtClub,1179682.5747120997
2021-09-19,504,BoredApeYachtClub,1369937.9992
2021-09-20,1,MutantApeYachtClub,954551.2005094121
2021-09-20,504,BoredApeYachtClub,2159065.3562
2021-09-21,1,MutantApeYachtClub,3189340.424980236
2021-09-21,504,BoredApeYachtClub,2340042.693
2021-09-22,1,MutantApeYachtClub,2071671.8549818355
2021-09-22,504,BoredApeYachtClub,1488191.9200000002
2021-09-23,1,MutantApeYachtClub,1808211.9460814123
2021-09-23,504,BoredApeYachtClub,1951398.4800000002
2021-09-24,1,MutantApeYachtClub,1389649.7987499998
2021-09-24,504,BoredApeYachtClub,2930956.014
2021-09-25,1,MutantApeYachtClub,1047748.226673
2021-09-25,504,BoredApeYachtClub,1339634.17
2021-09-26,1,MutantApeYachtClub,1119067.3788210943
2021-09-26,504,BoredApeYachtClub,2932756.5183
2021-09-27,1,MutantApeYachtClub,1336974.50359912
2021-09-27,504,BoredApeYachtClub,2395232.474
2021-09-28,1,MutantApeYachtClub,1363563.8602699998
2021-09-28,504,BoredApeYachtClub,1858306.5799999998
2021-09-29,1,MutantApeYachtClub,1565486.805849967
2021-09-29,504,BoredApeYachtClub,1211681.3800000001
2021-09-30,1,MutantApeYachtClub,2611871.831454699
2021-09-30,504,BoredApeYachtClub,6834589.844
2021-10-01,1,MutantApeYachtClub,1120449.205752
2021-10-01,504,BoredApeYachtClub,3277505.5
2021-10-02,1,MutantApeYachtClub,959579.98294
2021-10-02,504,BoredApeYachtClub,4216879.0987
2021-10-03,1,MutantApeYachtClub,1434866.6752200003
2021-10-03,504,BoredApeYachtClub,2909578.59
2021-10-04,1,MutantApeYachtClub,1466936.7561743225
2021-10-04,504,BoredApeYachtClub,3421748.5408
2021-10-05,1,MutantApeYachtClub,1324550.570517236
2021-10-05,504,BoredApeYachtClub,3118228.0810000002
2021-10-06,1,MutantApeYachtClub,1236750.069608046
2021-10-06,504,BoredApeYachtClub,3168908.871
2021-10-07,1,MutantApeYachtClub,1345115.5882250008
2021-10-07,504,BoredApeYachtClub,1891709.9480000003
2021-10-08,1,MutantApeYachtClub,2574766.769
2021-10-08,504,BoredApeYachtClub,3994836.9960000003
2021-10-09,1,MutantApeYachtClub,2142113.653504646
2021-10-09,504,BoredApeYachtClub,3353605.9014
2021-10-10,1,MutantApeYachtClub,992515.2210226518
2021-10-10,504,BoredApeYachtClub,2346565.3604
2021-10-11,1,MutantApeYachtClub,865548.77912
2021-10-11,504,BoredApeYachtClub,1458805.105
2021-10-12,1,MutantApeYachtClub,976406.6026000006
2021-10-12,504,BoredApeYachtClub,2236544.040182
2021-10-13,1,MutantApeYachtClub,1700944.8055642345
2021-10-13,504,BoredApeYachtClub,2211336.98
2021-10-14,1,MutantApeYachtClub,1188815.00957791
2021-10-14,504,BoredApeYachtClub,4206225.2
2021-10-15,1,MutantApeYachtClub,1414961.9925171225
2021-10-15,504,BoredApeYachtClub,2373520.3200000003
2021-10-16,1,MutantApeYachtClub,971286.1213493185
2021-10-16,504,BoredApeYachtClub,1418494.05
2021-10-17,1,MutantApeYachtClub,910437.9599647566
2021-10-17,504,BoredApeYachtClub,745423.1
2021-10-18,1,MutantApeYachtClub,553761.7571700001
2021-10-18,504,BoredApeYachtClub,1500640.6580000003
2021-10-19,1,MutantApeYachtClub,820665.8893999999
2021-10-19,504,BoredApeYachtClub,2472664.6780000003
2021-10-20,1,MutantApeYachtClub,1209797.9864999996
2021-10-20,504,BoredApeYachtClub,6719324.5304
2021-10-21,1,MutantApeYachtClub,1348980.596851256
2021-10-21,504,BoredApeYachtClub,4123912.78
2021-10-22,1,MutantApeYachtClub,1543427.1612399998
2021-10-22,504,BoredApeYachtClub,3918563.6414000005
2021-10-23,1,MutantApeYachtClub,1318361.6744100002
2021-10-23,504,BoredApeYachtClub,6708389.227
2021-10-24,1,MutantApeYachtClub,772666.789
2021-10-24,504,BoredApeYachtClub,2402964.17
2021-10-25,1,MutantApeYachtClub,775641.2995400003
2021-10-25,504,BoredApeYachtClub,3208993.786
2021-10-26,1,MutantApeYachtClub,917367.1749999999
2021-10-26,504,BoredApeYachtClub,2417851.8974
2021-10-27,1,MutantApeYachtClub,1150949.8035785202
2021-10-27,504,BoredApeYachtClub,3069112.2899999996
2021-10-28,1,MutantApeYachtClub,1857598.3715320004
2021-10-28,504,BoredApeYachtClub,3184308.9910999998
2021-10-29,1,MutantApeYachtClub,1548156.9370257142
2021-10-29,504,BoredApeYachtClub,3716189.2860000003
2021-10-30,1,MutantApeYachtClub,1181604.9458
2021-10-30,504,BoredApeYachtClub,3035305.5300000003
2021-10-31,1,MutantApeYachtClub,1276956.4912999999
2021-10-31,504,BoredApeYachtClub,3369549.173
2021-11-01,1,MutantApeYachtClub,1027508.8755800002
2021-11-01,504,BoredApeYachtClub,1996690.4
2021-11-02,1,MutantApeYachtClub,1085863.1341300001
2021-11-02,504,BoredApeYachtClub,2367449.5794
2021-11-03,1,MutantApeYachtClub,1587446.8503000007
2021-11-03,504,BoredApeYachtClub,3625346.7100000004
2021-11-04,1,MutantApeYachtClub,1549680.6025999996
2021-11-04,504,BoredApeYachtClub,1881019.411
2021-11-05,1,MutantApeYachtClub,1428431.01767
2021-11-05,504,BoredApeYachtClub,2847164.1999999997
2021-11-06,1,MutantApeYachtClub,1614921.5628000004
2021-11-06,504,BoredApeYachtClub,3965870.1062903223
2021-11-07,1,MutantApeYachtClub,2727719.4151000003
2021-11-07,504,BoredApeYachtClub,2710513.87
2021-11-08,1,MutantApeYachtClub,2134617.5357999997
2021-11-08,504,BoredApeYachtClub,4067981.8440000005
2021-11-09,1,MutantApeYachtClub,1918366.6763600004
2021-11-09,504,BoredApeYachtClub,3054897.8700000006
2021-11-10,1,MutantApeYachtClub,1604817.346159612
2021-11-10,504,BoredApeYachtClub,4493430.899
2021-11-11,1,MutantApeYachtClub,2139549.0206999998
2021-11-11,504,BoredApeYachtClub,3883187.914
2021-11-12,1,MutantApeYachtClub,2494394.8666999997
2021-11-12,504,BoredApeYachtClub,9603223.1038
2021-11-13,1,MutantApeYachtClub,17041852.777206063
2021-11-13,504,BoredApeYachtClub,22754640.458900005
2021-11-14,1,MutantApeYachtClub,21648256.03619011
2021-11-14,504,BoredApeYachtClub,16829429.2314
2021-11-15,1,MutantApeYachtClub,10289597.5749727
2021-11-15,504,BoredApeYachtClub,17765560.8145
2021-11-16,1,MutantApeYachtClub,9484067.8081625
2021-11-16,504,BoredApeYachtClub,23492741.1459
2021-11-17,1,MutantApeYachtClub,16093187.962464005
2021-11-17,504,BoredApeYachtClub,14494891.3057
2021-11-18,1,MutantApeYachtClub,6354487.17031
2021-11-18,504,BoredApeYachtClub,12526362.12314
2021-11-19,1,MutantApeYachtClub,4194065.0832999977
2021-11-19,504,BoredApeYachtClub,7954723.38508
2021-11-20,1,MutantApeYachtClub,3439665.1541499984
2021-11-20,504,BoredApeYachtClub,4644082.498081518
2021-11-21,1,MutantApeYachtClub,2367212.8581250003
2021-11-21,504,BoredApeYachtClub,4987679.0158
2021-11-22,1,MutantApeYachtClub,2536622.1981
2021-11-22,504,BoredApeYachtClub,3677110.3963000006
2021-11-23,1,MutantApeYachtClub,1499662.7656000003
2021-11-23,504,BoredApeYachtClub,1525645.6400000001
2021-11-24,1,MutantApeYachtClub,1896115.9026
2021-11-24,504,BoredApeYachtClub,1643497.386
2021-11-25,1,MutantApeYachtClub,1948874.9897999992
2021-11-25,504,BoredApeYachtClub,3133672.0436
2021-11-26,1,MutantApeYachtClub,1503280.412915
2021-11-26,504,BoredApeYachtClub,4098991.4268000005
2021-11-27,1,MutantApeYachtClub,1409718.6150765007
2021-11-27,504,BoredApeYachtClub,2655618.03
2021-11-28,1,MutantApeYachtClub,1804019.1111000006
2021-11-28,504,BoredApeYachtClub,3911238.51
2021-11-29,1,MutantApeYachtClub,2223918.9019199996
2021-11-29,504,BoredApeYachtClub,6298840.780590001
2021-11-30,1,MutantApeYachtClub,1912740.0364078125
2021-11-30,504,BoredApeYachtClub,3534463.0836999975
2021-12-01,1,MutantApeYachtClub,1874967.1890480001
2021-12-01,504,BoredApeYachtClub,3926384.06
2021-12-02,1,MutantApeYachtClub,2161880.345936733
2021-12-02,504,BoredApeYachtClub,4565536.7754999995
2021-12-03,1,MutantApeYachtClub,2565469.74865
2021-12-03,504,BoredApeYachtClub,7787378.470000001
2021-12-04,1,MutantApeYachtClub,2910683.354999999
2021-12-04,504,BoredApeYachtClub,7999091.5940000005
2021-12-05,1,MutantApeYachtClub,2047951.2185999998
2021-12-05,504,BoredApeYachtClub,3543304.338
2021-12-06,1,MutantApeYachtClub,1840003.9487499997
2021-12-06,504,BoredApeYachtClub,3424710.2290999996
2021-12-07,1,MutantApeYachtClub,1986578.6815799999
2021-12-07,504,BoredApeYachtClub,3872973.87
2021-12-08,1,MutantApeYachtClub,1282077.408
2021-12-08,504,BoredApeYachtClub,4558855.862
2021-12-09,1,MutantApeYachtClub,1477667.4681999998
2021-12-09,504,BoredApeYachtClub,5865882.080100043
2021-12-10,1,MutantApeYachtClub,2157525.3481760016
2021-12-10,504,BoredApeYachtClub,5507078.376
2021-12-11,1,MutantApeYachtClub,2024880.9501
2021-12-11,504,BoredApeYachtClub,4119417.1470000003
2021-12-12,1,MutantApeYachtClub,1309452.7206000001
2021-12-12,504,BoredApeYachtClub,3235721.69
2021-12-13,1,MutantApeYachtClub,2282221.167
2021-12-13,504,BoredApeYachtClub,3737100.279
2021-12-14,1,MutantApeYachtClub,1782839.5825999998
2021-12-14,504,BoredApeYachtClub,4482339.416500001
2021-12-15,1,MutantApeYachtClub,1761360.8289333337
2021-12-15,504,BoredApeYachtClub,3663414.092
2021-12-16,1,MutantApeYachtClub,1198559.8022
2021-12-16,504,BoredApeYachtClub,5641231.649999999
2021-12-17,1,MutantApeYachtClub,2066009.8758988006
2021-12-17,504,BoredApeYachtClub,3438825.39
2021-12-18,1,MutantApeYachtClub,1990922.0780000002
2021-12-18,504,BoredApeYachtClub,2239238.0160000003
2021-12-19,1,MutantApeYachtClub,1076299.4400000002
2021-12-19,504,BoredApeYachtClub,3282611.68998
2021-12-20,1,MutantApeYachtClub,2038416.5430999997
2021-12-20,504,BoredApeYachtClub,2258738.68
2021-12-21,1,MutantApeYachtClub,3163982.0069999998
2021-12-21,504,BoredApeYachtClub,2861457.995
2021-12-22,1,MutantApeYachtClub,4439742.1415800005
2021-12-22,504,BoredApeYachtClub,4588412.18
2021-12-23,1,MutantApeYachtClub,8154774.874286003
2021-12-23,504,BoredApeYachtClub,4782758.2162
2021-12-24,1,MutantApeYachtClub,7713558.841320001
2021-12-24,504,BoredApeYachtClub,5245649.23
2021-12-25,1,MutantApeYachtClub,5689297.021399999
2021-12-25,504,BoredApeYachtClub,5295910.363600002
2021-12-26,1,MutantApeYachtClub,18916733.579621907
2021-12-26,504,BoredApeYachtClub,6650815.0
2021-12-27,1,MutantApeYachtClub,20682834.475418005
2021-12-27,504,BoredApeYachtClub,6422788.450000001
2021-12-28,1,MutantApeYachtClub,7024082.112671999
2021-12-28,504,BoredApeYachtClub,8392656.843500001
2021-12-29,1,MutantApeYachtClub,8680216.150150001
2021-12-29,504,BoredApeYachtClub,5458776.9
2021-12-30,1,MutantApeYachtClub,7539611.713187112
2021-12-30,504,BoredApeYachtClub,8099111.20356
2021-12-31,1,MutantApeYachtClub,7103717.840500001
2021-12-31,504,BoredApeYachtClub,7937793.300000001
2022-01-01,1,MutantApeYachtClub,17650193.5492688
2022-01-01,504,BoredApeYachtClub,24829165.7225972
2022-01-02,1,MutantApeYachtClub,26461996.356792
2022-01-02,504,BoredApeYachtClub,19195891.3256
2022-01-03,1,MutantApeYachtClub,22285487.917600006
2022-01-03,504,BoredApeYachtClub,16466899.3697
2022-01-04,1,MutantApeYachtClub,9067361.648508962
2022-01-04,504,BoredApeYachtClub,7221865.74
2022-01-05,1,MutantApeYachtClub,8836719.764400002
2022-01-05,504,BoredApeYachtClub,6000292.859300001
2022-01-06,1,MutantApeYachtClub,6168023.583589999
2022-01-06,504,BoredApeYachtClub,6815926.764959
2022-01-07,1,MutantApeYachtClub,5038002.91075
2022-01-07,504,BoredApeYachtClub,6378979.8977
2022-01-08,1,MutantApeYachtClub,4173828.1832001386
2022-01-08,504,BoredApeYachtClub,4759655.24
2022-01-09,1,MutantApeYachtClub,5493212.40776475
2022-01-09,504,BoredApeYachtClub,14951313.24
2022-01-10,1,MutantApeYachtClub,6234468.4747
2022-01-10,504,BoredApeYachtClub,9079285.04
2022-01-11,1,MutantApeYachtClub,5135709.510528
2022-01-11,504,BoredApeYachtClub,5901134.5600000005
2022-01-12,1,MutantApeYachtClub,4253597.701299999
2022-01-12,504,BoredApeYachtClub,7174504.6
2022-01-13,1,MutantApeYachtClub,3733813.6103942506
2022-01-13,504,BoredApeYachtClub,5541913.0
2022-01-14,1,MutantApeYachtClub,3451508.954691
2022-01-14,504,BoredApeYachtClub,5363776.35
2022-01-15,1,MutantApeYachtClub,6894707.5453125
2022-01-15,504,BoredApeYachtClub,12139703.71
2022-01-16,1,MutantApeYachtClub,4288845.027392001
2022-01-16,504,BoredApeYachtClub,8870505.590000002
2022-01-17,1,MutantApeYachtClub,6434097.105414749
2022-01-17,504,BoredApeYachtClub,4169874.7820000006
2022-01-18,1,MutantApeYachtClub,5083771.20520375
2022-01-18,504,BoredApeYachtClub,5635906.8
2022-01-19,1,MutantApeYachtClub,4074850.4071
2022-01-19,504,BoredApeYachtClub,4459114.34
2022-01-20,1,MutantApeYachtClub,9354892.861450003
2022-01-20,504,BoredApeYachtClub,9901065.24
2022-01-21,1,MutantApeYachtClub,5408314.3661
2022-01-21,504,BoredApeYachtClub,7047729.51
2022-01-22,1,MutantApeYachtClub,2672533.656000001
2022-01-22,504,BoredApeYachtClub,6170757.228100001
2022-01-23,1,MutantApeYachtClub,3232597.2370000007
2022-01-23,504,BoredApeYachtClub,5139123.680000001
2022-01-24,1,MutantApeYachtClub,2784601.5385900005
2022-01-24,504,BoredApeYachtClub,6349207.715999999
2022-01-25,1,MutantApeYachtClub,11322105.757312244
2022-01-25,504,BoredApeYachtClub,11331734.7427
2022-01-26,1,MutantApeYachtClub,13232606.989369994
2022-01-26,504,BoredApeYachtClub,8301700.698000002
2022-01-27,1,MutantApeYachtClub,4816757.118531
2022-01-27,504,BoredApeYachtClub,9575260.108700002
2022-01-28,1,MutantApeYachtClub,5099463.209999999
2022-01-28,504,BoredApeYachtClub,14116042.1933
2022-01-29,1,MutantApeYachtClub,9957427.331014266
2022-01-29,504,BoredApeYachtClub,16881073.264300004
2022-01-30,1,MutantApeYachtClub,19815766.8568
2022-01-30,504,BoredApeYachtClub,23931590.5687
2022-01-31,1,MutantApeYachtClub,19774827.6396165
2022-01-31,504,BoredApeYachtClub,33211559.422700003
2022-02-01,1,MutantApeYachtClub,7484654.8666
2022-02-01,504,BoredApeYachtClub,11312476.940000001
2022-02-02,1,MutantApeYachtClub,5023111.499
2022-02-02,504,BoredApeYachtClub,4604384.04
2022-02-03,1,MutantApeYachtClub,5312157.919400001
2022-02-03,504,BoredApeYachtClub,6248914.91
2022-02-04,1,MutantApeYachtClub,3921798.29997058
2022-02-04,504,BoredApeYachtClub,8233265.944
2022-02-05,1,MutantApeYachtClub,2902301.5400000005
2022-02-05,504,BoredApeYachtClub,5929664.840000001
2022-02-06,1,MutantApeYachtClub,2902019.5819999995
2022-02-06,504,BoredApeYachtClub,5304844.930000001
2022-02-07,1,MutantApeYachtClub,4199132.764000001
2022-02-07,504,BoredApeYachtClub,5846463.921
2022-02-08,1,MutantApeYachtClub,5094672.659099998
2022-02-08,504,BoredApeYachtClub,2775718.0700000003
2022-02-09,1,MutantApeYachtClub,3392236.727999999
2022-02-09,504,BoredApeYachtClub,4886481.420000001
2022-02-10,1,MutantApeYachtClub,2829449.9105999996
2022-02-10,504,BoredApeYachtClub,3407667.7800000003
2022-02-11,1,MutantApeYachtClub,1698998.5899999999
2022-02-11,504,BoredApeYachtClub,3467976.3800000004
2022-02-12,1,MutantApeYachtClub,2051068.3256940003
2022-02-12,504,BoredApeYachtClub,5045439.24
2022-02-13,1,MutantApeYachtClub,2906351.0771999997
2022-02-13,504,BoredApeYachtClub,5247612.380000001
2022-02-14,1,MutantApeYachtClub,1719488.675
2022-02-14,504,BoredApeYachtClub,1763383.2300000002
2022-02-15,1,MutantApeYachtClub,2544238.3
2022-02-15,504,BoredApeYachtClub,3696855.14
2022-02-16,1,MutantApeYachtClub,4241411.719390082
2022-02-16,504,BoredApeYachtClub,2265804.213
2022-02-17,1,MutantApeYachtClub,2230220.5200000005
2022-02-17,504,BoredApeYachtClub,2833622.2470000004
2022-02-18,1,MutantApeYachtClub,1796299.5499999998
2022-02-18,504,BoredApeYachtClub,3663857.68
2022-02-19,1,MutantApeYachtClub,2119685.6528000003
2022-02-19,504,BoredApeYachtClub,606180.5000000001
2022-02-20,1,MutantApeYachtClub,1540713.3655
2022-02-20,504,BoredApeYachtClub,2983170.793898889
2022-02-21,1,MutantApeYachtClub,1299279.1808000002
2022-02-21,504,BoredApeYachtClub,2350805.2100000004
2022-02-22,1,MutantApeYachtClub,1565096.01
2022-02-22,504,BoredApeYachtClub,2305423.84
2022-02-23,1,MutantApeYachtClub,1875262.9980000001
2022-02-23,504,BoredApeYachtClub,1827366.7200000002
2022-02-24,1,MutantApeYachtClub,4446738.9416336445
2022-02-24,504,BoredApeYachtClub,5399110.854400001
2022-02-25,1,MutantApeYachtClub,2752560.332000001
2022-02-25,504,BoredApeYachtClub,8872751.28337
2022-02-26,1,MutantApeYachtClub,1826529.634
2022-02-26,504,BoredApeYachtClub,3800098.73
2022-02-27,1,MutantApeYachtClub,866601.6880000001
2022-02-27,504,BoredApeYachtClub,2616737.3000000003
2022-02-28,1,MutantApeYachtClub,975134.02
2022-02-28,504,BoredApeYachtClub,1651924.3599999999
2022-03-01,1,MutantApeYachtClub,1077351.5366
2022-03-01,504,BoredApeYachtClub,2283414.632
2022-03-02,1,MutantApeYachtClub,1870075.1106999998
2022-03-02,504,BoredApeYachtClub,3014133.7800000003
2022-03-03,1,MutantApeYachtClub,1442618.9393
2022-03-03,504,BoredApeYachtClub,807106.1
2022-03-04,1,MutantApeYachtClub,1601815.6317000003
2022-03-04,504,BoredApeYachtClub,2850395.4765000003
2022-03-05,1,MutantApeYachtClub,2095590.72
2022-03-05,504,BoredApeYachtClub,1601946.0
2022-03-06,1,MutantApeYachtClub,1188441.96
2022-03-06,504,BoredApeYachtClub,800988.0000000001
2022-03-07,1,MutantApeYachtClub,1920456.3538679997
2022-03-07,504,BoredApeYachtClub,5484238.0208
2022-03-08,1,MutantApeYachtClub,2186001.2257000003
2022-03-08,504,BoredApeYachtClub,5660510.869200001
2022-03-09,1,MutantApeYachtClub,1708368.573599726
2022-03-09,504,BoredApeYachtClub,1704863.2400000002
2022-03-10,1,MutantApeYachtClub,1955053.2897356
2022-03-10,504,BoredApeYachtClub,1226132.81
2022-03-11,1,MutantApeYachtClub,2691647.6711999997
2022-03-11,504,BoredApeYachtClub,2360848.4750000006
2022-03-12,1,MutantApeYachtClub,4233454.880000001
2022-03-12,504,BoredApeYachtClub,8457158.336000001
2022-03-13,1,MutantApeYachtClub,5426290.9975997405
2022-03-13,504,BoredApeYachtClub,10853451.4664
2022-03-14,1,MutantApeYachtClub,2175714.9044000003
2022-03-14,504,BoredApeYachtClub,1965690.73
2022-03-15,1,MutantApeYachtClub,3361794.311
2022-03-15,504,BoredApeYachtClub,4069216.99
2022-03-16,1,MutantApeYachtClub,13683348.831600003
2022-03-16,504,BoredApeYachtClub,14075483.620400002
2022-03-17,1,MutantApeYachtClub,25942549.380754422
2022-03-17,504,BoredApeYachtClub,48239789.3437
2022-03-18,1,MutantApeYachtClub,13588825.718594998
2022-03-18,504,BoredApeYachtClub,24529037.771
2022-03-19,1,MutantApeYachtClub,14036731.762300013
2022-03-19,504,BoredApeYachtClub,20528388.501600005
2022-03-20,1,MutantApeYachtClub,6815363.25935
2022-03-20,504,BoredApeYachtClub,8188352.0280438345
2022-03-21,1,MutantApeYachtClub,4088486.9048
2022-03-21,504,BoredApeYachtClub,5465748.9112
2022-03-22,1,MutantApeYachtClub,4979120.687261874
2022-03-22,504,BoredApeYachtClub,7496728.05
2022-03-23,1,MutantApeYachtClub,6489909.850788001
2022-03-23,504,BoredApeYachtClub,6846297.081330001
2022-03-24,1,MutantApeYachtClub,9991410.19675169
2022-03-24,504,BoredApeYachtClub,7553313.046000002
2022-03-25,1,MutantApeYachtClub,3805727.0287999995
2022-03-25,504,BoredApeYachtClub,8803318.250000002
2022-03-26,1,MutantApeYachtClub,4986137.4515
2022-03-26,504,BoredApeYachtClub,6656033.9092
2022-03-27,1,MutantApeYachtClub,4761651.7761
2022-03-27,504,BoredApeYachtClub,5327047.09
2022-03-28,1,MutantApeYachtClub,5323298.5451
2022-03-28,504,BoredApeYachtClub,6821857.3111700015
2022-03-29,1,MutantApeYachtClub,3449753.6339700003
2022-03-29,504,BoredApeYachtClub,6177755.66
2022-03-30,1,MutantApeYachtClub,4354446.299400001
2022-03-30,504,BoredApeYachtClub,5420014.42
2022-03-31,1,MutantApeYachtClub,4706212.021059999
2022-03-31,504,BoredApeYachtClub,7012927.537640001
2022-04-01,1,MutantApeYachtClub,5412856.429800001
2022-04-01,504,BoredApeYachtClub,7645046.390000001
2022-04-02,1,MutantApeYachtClub,3935043.2600000007
2022-04-02,504,BoredApeYachtClub,3733555.6390000004
2022-04-03,1,MutantApeYachtClub,4159557.7775000003
2022-04-03,504,BoredApeYachtClub,4358154.735
2022-04-04,1,MutantApeYachtClub,5638789.5891
2022-04-04,504,BoredApeYachtClub,5542473.269295922
2022-04-05,1,MutantApeYachtClub,9662720.6772
2022-04-05,504,BoredApeYachtClub,5107234.909318
2022-04-06,1,MutantApeYachtClub,5432011.002299999
2022-04-06,504,BoredApeYachtClub,4522700.9875
2022-04-07,1,MutantApeYachtClub,2922703.9840000006
2022-04-07,504,BoredApeYachtClub,3110031.68
2022-04-08,1,MutantApeYachtClub,3543701.9299999997
2022-04-08,504,BoredApeYachtClub,4706232.269
2022-04-09,1,MutantApeYachtClub,1612932.797
2022-04-09,504,BoredApeYachtClub,2644310.7482000003
2022-04-10,1,MutantApeYachtClub,1963482.4200000002
2022-04-10,504,BoredApeYachtClub,3739229.5224000006
2022-04-11,1,MutantApeYachtClub,4720159.59834
2022-04-11,504,BoredApeYachtClub,3321953.77
2022-04-12,1,MutantApeYachtClub,2890911.0673070005
2022-04-12,504,BoredApeYachtClub,2276896.0
2022-04-13,1,MutantApeYachtClub,5217869.9801
2022-04-13,504,BoredApeYachtClub,4727474.458000001
2022-04-14,1,MutantApeYachtClub,3509628.6543000005
2022-04-14,504,BoredApeYachtClub,1458712.0000000002
2022-04-15,1,MutantApeYachtClub,3045073.2927
2022-04-15,504,BoredApeYachtClub,5250542.86
2022-04-16,1,MutantApeYachtClub,2310975.1988000004
2022-04-16,504,BoredApeYachtClub,1966711.5500000003
2022-04-17,1,MutantApeYachtClub,3782949.8809
2022-04-17,504,BoredApeYachtClub,1721075.0
2022-04-18,1,MutantApeYachtClub,14847991.173820777
2022-04-18,504,BoredApeYachtClub,4554245.28
2022-04-19,1,MutantApeYachtClub,20606170.592560004
2022-04-19,504,BoredApeYachtClub,14163617.31
2022-04-20,1,MutantApeYachtClub,14131227.8547
2022-04-20,504,BoredApeYachtClub,13444954.877099998
2022-04-21,1,MutantApeYachtClub,10893053.749550002
2022-04-21,504,BoredApeYachtClub,7144933.87
2022-04-22,1,MutantApeYachtClub,8298149.377200002
2022-04-22,504,BoredApeYachtClub,4770358.954
2022-04-23,1,MutantApeYachtClub,12844333.555100001
2022-04-23,504,BoredApeYachtClub,9450738.317000002
2022-04-24,1,MutantApeYachtClub,22546121.886120003
2022-04-24,504,BoredApeYachtClub,16457563.999
2022-04-25,1,MutantApeYachtClub,15173485.180170005
2022-04-25,504,BoredApeYachtClub,15930723.216100002
2022-04-26,1,MutantApeYachtClub,11503744.367500002
2022-04-26,504,BoredApeYachtClub,5970625.800000001
2022-04-27,1,MutantApeYachtClub,8535689.973000001
2022-04-27,504,BoredApeYachtClub,6827063.148
2022-04-28,1,MutantApeYachtClub,9871721.45
2022-04-28,504,BoredApeYachtClub,9474831.9
2022-04-29,1,MutantApeYachtClub,20817612.123900004
2022-04-29,504,BoredApeYachtClub,21502371.568000004
2022-04-30,1,MutantApeYachtClub,17474016.22290423
2022-04-30,504,BoredApeYachtClub,33652615.802290626
2022-05-01,1,MutantApeYachtClub,45051919.05084998
2022-05-01,504,BoredApeYachtClub,48093805.151
2022-05-02,1,MutantApeYachtClub,17744426.67534
2022-05-02,504,BoredApeYachtClub,11043535.53
2022-05-03,1,MutantApeYachtClub,13386162.506190002
2022-05-03,504,BoredApeYachtClub,11075711.830000002
2022-05-04,1,MutantApeYachtClub,22074221.0602889
2022-05-04,504,BoredApeYachtClub,30476186.94610001
2022-05-05,1,MutantApeYachtClub,5263190.114000001
2022-05-05,504,BoredApeYachtClub,7149764.860000001
2022-05-06,1,MutantApeYachtClub,4193450.5218333337
2022-05-06,504,BoredApeYachtClub,5880673.4982
2022-05-07,1,MutantApeYachtClub,5611092.469619999
2022-05-07,504,BoredApeYachtClub,4038071.0404162183
2022-05-08,1,MutantApeYachtClub,3667610.772300001
2022-05-08,504,BoredApeYachtClub,2794062.916
2022-05-09,1,MutantApeYachtClub,7106614.161647143
2022-05-09,504,BoredApeYachtClub,9393753.46
2022-05-10,1,MutantApeYachtClub,11750860.57765
2022-05-10,504,BoredApeYachtClub,11439165.39
2022-05-11,1,MutantApeYachtClub,5607001.644900001
2022-05-11,504,BoredApeYachtClub,6834162.26
2022-05-12,1,MutantApeYachtClub,5100280.1939333305
2022-05-12,504,BoredApeYachtClub,5928326.81
2022-05-13,1,MutantApeYachtClub,5207159.932810002
2022-05-13,504,BoredApeYachtClub,7590631.6747
2022-05-14,1,MutantApeYachtClub,2299318.477
2022-05-14,504,BoredApeYachtClub,2008031.31
2022-05-15,1,MutantApeYachtClub,1225044.6099999999
2022-05-15,504,BoredApeYachtClub,2479553.4000000004
2022-05-16,1,MutantApeYachtClub,1782383.3400000003
2022-05-16,504,BoredApeYachtClub,2513377.7600000002
2022-05-17,1,MutantApeYachtClub,1064863.1800000002
2022-05-17,504,BoredApeYachtClub,3201146.3741
2022-05-18,1,MutantApeYachtClub,1706707.1252000001
2022-05-18,504,BoredApeYachtClub,4027163.2854
2022-05-19,1,MutantApeYachtClub,2005496.0875700002
2022-05-19,504,BoredApeYachtClub,3668058.6745800003
2022-05-20,1,MutantApeYachtClub,1738646.9778799997
2022-05-20,504,BoredApeYachtClub,2694789.857
2022-05-21,1,MutantApeYachtClub,1596831.3624
2022-05-21,504,BoredApeYachtClub,3126779.481
2022-05-22,1,MutantApeYachtClub,1725348.1099999999
2022-05-22,504,BoredApeYachtClub,1677666.83
2022-05-23,1,MutantApeYachtClub,1698746.4196000004
2022-05-23,504,BoredApeYachtClub,1130235.84
2022-05-24,1,MutantApeYachtClub,1108060.003
2022-05-24,504,BoredApeYachtClub,942610.5000000001
2022-05-25,1,MutantApeYachtClub,1217001.29584
2022-05-25,504,BoredApeYachtClub,2102886.08
2022-05-26,1,MutantApeYachtClub,1602082.5654818602
2022-05-26,504,BoredApeYachtClub,3949239.8481676616
2022-05-27,1,MutantApeYachtClub,1885402.9241
2022-05-27,504,BoredApeYachtClub,2075335.2220001798
2022-05-28,1,MutantApeYachtClub,1099007.5249717
2022-05-28,504,BoredApeYachtClub,1233565.93
2022-05-29,1,MutantApeYachtClub,1333318.2
2022-05-29,504,BoredApeYachtClub,3076193.8499999996
2022-05-30,1,MutantApeYachtClub,1668377.8483
2022-05-30,504,BoredApeYachtClub,2142639.73
2022-05-31,1,MutantApeYachtClub,1791676.386787
2022-05-31,504,BoredApeYachtClub,8293627.085000001
2022-06-01,1,MutantApeYachtClub,3077163.9178000004
2022-06-01,504,BoredApeYachtClub,5125559.283500001
2022-06-02,1,MutantApeYachtClub,929505.4642000002
2022-06-02,504,BoredApeYachtClub,2080855.6
2022-06-03,1,MutantApeYachtClub,1165484.847
2022-06-03,504,BoredApeYachtClub,1746265.8439508
2022-06-04,1,MutantApeYachtClub,1034842.84496
2022-06-04,504,BoredApeYachtClub,1748090.7
2022-06-05,1,MutantApeYachtClub,875756.9198000001
2022-06-05,504,BoredApeYachtClub,558307.9935
2022-06-06,1,MutantApeYachtClub,915915.4810799999
2022-06-06,504,BoredApeYachtClub,4032349.839
2022-06-07,1,MutantApeYachtClub,1088293.808
2022-06-07,504,BoredApeYachtClub,3530755.5300000003
2022-06-08,1,MutantApeYachtClub,1722189.6239
2022-06-08,504,BoredApeYachtClub,1143656.1700000002
2022-06-09,1,MutantApeYachtClub,525058.849
2022-06-09,504,BoredApeYachtClub,2160417.58
2022-06-10,1,MutantApeYachtClub,864385.9911
2022-06-10,504,BoredApeYachtClub,1856659.2975
2022-06-11,1,MutantApeYachtClub,1130201.1243253618
2022-06-11,504,BoredApeYachtClub,1761055.6606
2022-06-12,1,MutantApeYachtClub,1154186.7860000003
2022-06-12,504,BoredApeYachtClub,1728017.435
2022-06-13,1,MutantApeYachtClub,3120984.0419
2022-06-13,504,BoredApeYachtClub,7292342.600000001
2022-06-14,1,MutantApeYachtClub,2631031.29384727
2022-06-14,504,BoredApeYachtClub,4216385.871024
2022-06-15,1,MutantApeYachtClub,1913169.7869391907
2022-06-15,504,BoredApeYachtClub,4897944.73
2022-06-16,1,MutantApeYachtClub,1012336.1349000003
2022-06-16,504,BoredApeYachtClub,2861695.5629999996
2022-06-17,1,MutantApeYachtClub,825400.15
2022-06-17,504,BoredApeYachtClub,1953977.9171000002
2022-06-18,1,MutantApeYachtClub,1311310.0296500002
2022-06-18,504,BoredApeYachtClub,1885672.0100000002
2022-06-19,1,MutantApeYachtClub,805691.92581
2022-06-19,504,BoredApeYachtClub,2353975.4698000005
2022-06-20,1,MutantApeYachtClub,1078129.8195000004
2022-06-20,504,BoredApeYachtClub,2809383.3367
2022-06-21,1,MutantApeYachtClub,914145.7669999998
2022-06-21,504,BoredApeYachtClub,2136693.1466
2022-06-22,1,MutantApeYachtClub,724380.8324199999
2022-06-22,504,BoredApeYachtClub,1687540.56
2022-06-23,1,MutantApeYachtClub,529822.9734
2022-06-23,504,BoredApeYachtClub,1129077.3572
2022-06-24,1,MutantApeYachtClub,1018225.1524999999
2022-06-24,504,BoredApeYachtClub,1086575.1260000002
2022-06-25,1,MutantApeYachtClub,729583.7529999999
2022-06-25,504,BoredApeYachtClub,1231090.79
2022-06-26,1,MutantApeYachtClub,819780.9462000001
2022-06-26,504,BoredApeYachtClub,2291361.897
2022-06-27,1,MutantApeYachtClub,1208701.3087999995
2022-06-27,504,BoredApeYachtClub,1798068.4900000002
2022-06-28,1,MutantApeYachtClub,683678.5549999999
2022-06-28,504,BoredApeYachtClub,1790973.1400000001
2022-06-29,1,MutantApeYachtClub,744775.7642
2022-06-29,504,BoredApeYachtClub,1077336.4005
2022-06-30,1,MutantApeYachtClub,579428.5754000001
2022-06-30,504,BoredApeYachtClub,1267227.59
2022-07-01,1,MutantApeYachtClub,696291.3020999999
2022-07-01,504,BoredApeYachtClub,1892363.45
2022-07-02,1,MutantApeYachtClub,556585.9002
2022-07-02,504,BoredApeYachtClub,721340.8200000001
2022-07-03,1,MutantApeYachtClub,488837.64
2022-07-03,504,BoredApeYachtClub,785318.875
2022-07-04,1,MutantApeYachtClub,437182.00000000006
2022-07-04,504,BoredApeYachtClub,787119.5
2022-07-05,1,MutantApeYachtClub,708388.097803102
2022-07-05,504,BoredApeYachtClub,974145.0
2022-07-06,1,MutantApeYachtClub,628629.5750000001
2022-07-06,504,BoredApeYachtClub,1778868.1
2022-07-07,1,MutantApeYachtClub,1493980.7174486355
2022-07-07,504,BoredApeYachtClub,2233880.48
2022-07-08,1,MutantApeYachtClub,1390245.4814000006
2022-07-08,504,BoredApeYachtClub,2060580.81
2022-07-09,1,MutantApeYachtClub,863952.1906781776
2022-07-09,504,BoredApeYachtClub,1465030.69
2022-07-10,1,MutantApeYachtClub,1063571.77265
2022-07-10,504,BoredApeYachtClub,3061673.12
2022-07-11,1,MutantApeYachtClub,1273011.490593847
2022-07-11,504,BoredApeYachtClub,339626.0
2022-07-12,1,MutantApeYachtClub,655357.7806999999
2022-07-12,504,BoredApeYachtClub,1329721.4593000002
2022-07-13,1,MutantApeYachtClub,545328.01
2022-07-13,504,BoredApeYachtClub,1780801.45
2022-07-14,1,MutantApeYachtClub,526443.6429999999
2022-07-14,504,BoredApeYachtClub,1080403.75
2022-07-15,1,MutantApeYachtClub,483799.2385
2022-07-15,504,BoredApeYachtClub,1907965.2714
2022-07-16,1,MutantApeYachtClub,684900.7569999999
2022-07-16,504,BoredApeYachtClub,1445132.875
2022-07-17,1,MutantApeYachtClub,683953.2200000001
2022-07-17,504,BoredApeYachtClub,1100597.2288000002
2022-07-18,1,MutantApeYachtClub,643340.8570000001
2022-07-18,504,BoredApeYachtClub,1383702.2476
2022-07-19,1,MutantApeYachtClub,568848.7699999999
2022-07-19,504,BoredApeYachtClub,1307193.2521000002
2022-07-20,1,MutantApeYachtClub,469095.6040000001
2022-07-20,504,BoredApeYachtClub,1172253.4854000001
2022-07-21,1,MutantApeYachtClub,615246.3439999999
2022-07-21,504,BoredApeYachtClub,2023569.0434000033
2022-07-22,1,MutantApeYachtClub,933991.246936
2022-07-22,504,BoredApeYachtClub,1623773.9248
2022-07-23,1,MutantApeYachtClub,548473.68402
2022-07-23,504,BoredApeYachtClub,708944.77
2022-07-24,1,MutantApeYachtClub,549540.4719
2022-07-24,504,BoredApeYachtClub,844086.3558
2022-07-25,1,MutantApeYachtClub,652605.264
2022-07-25,504,BoredApeYachtClub,1304981.2113
2022-07-26,1,MutantApeYachtClub,708125.5880000001
2022-07-26,504,BoredApeYachtClub,1089849.6
2022-07-27,1,MutantApeYachtClub,838020.062
2022-07-27,504,BoredApeYachtClub,862962.2031999999
2022-07-28,1,MutantApeYachtClub,1522044.4010000003
2022-07-28,504,BoredApeYachtClub,974223.18
2022-07-29,1,MutantApeYachtClub,723068.5928000001
2022-07-29,504,BoredApeYachtClub,2196158.6227700002
2022-07-30,1,MutantApeYachtClub,343892.009
2022-07-30,504,BoredApeYachtClub,1422375.52
2022-07-31,1,MutantApeYachtClub,519214.7828
2022-07-31,504,BoredApeYachtClub,296095.5
2022-08-01,1,MutantApeYachtClub,559743.2399999984
2022-08-01,504,BoredApeYachtClub,959243.2
2022-08-02,1,MutantApeYachtClub,604814.5950000001
2022-08-02,504,BoredApeYachtClub,851483.0
2022-08-03,1,MutantApeYachtClub,461762.43799999997
2022-08-03,504,BoredApeYachtClub,955773.8082
2022-08-04,1,MutantApeYachtClub,1326327.61
2022-08-04,504,BoredApeYachtClub,1278423.98
2022-08-05,1,MutantApeYachtClub,515294.603
2022-08-05,504,BoredApeYachtClub,2442511.4365399997
2022-08-06,1,MutantApeYachtClub,598100.459
2022-08-06,504,BoredApeYachtClub,1192534.0
2022-08-07,1,MutantApeYachtClub,623688.666
2022-08-07,504,BoredApeYachtClub,1505785.06
2022-08-08,1,MutantApeYachtClub,800884.0611440002
2022-08-08,504,BoredApeYachtClub,132320.0
2022-08-09,1,MutantApeYachtClub,473460.14788859995
2022-08-09,504,BoredApeYachtClub,1448727.022
2022-08-10,1,MutantApeYachtClub,1519868.204886615
2022-08-10,504,BoredApeYachtClub,1412977.466
2022-08-11,1,MutantApeYachtClub,879204.6678834603
2022-08-11,504,BoredApeYachtClub,1104673.52
2022-08-12,1,MutantApeYachtClub,567942.0846000001
2022-08-12,504,BoredApeYachtClub,690545.0
2022-08-13,1,MutantApeYachtClub,725833.0320834601
2022-08-13,504,BoredApeYachtClub,662923.2
2022-08-14,1,MutantApeYachtClub,951285.2715760001
2022-08-14,504,BoredApeYachtClub,1004292.26
2022-08-15,1,MutantApeYachtClub,794424.47
2022-08-15,504,BoredApeYachtClub,1345523.0456
2022-08-16,1,MutantApeYachtClub,847782.913576
2022-08-16,504,BoredApeYachtClub,1698216.5474
2022-08-17,1,MutantApeYachtClub,1049141.3340362152
2022-08-17,504,BoredApeYachtClub,2564267.5023
2022-08-18,1,MutantApeYachtClub,493493.1824
2022-08-18,504,BoredApeYachtClub,2149312.6834444446
2022-08-19,1,MutantApeYachtClub,1044439.3975434685
2022-08-19,504,BoredApeYachtClub,1677961.9988000002
2022-08-20,1,MutantApeYachtClub,986844.4609868639
2022-08-20,504,BoredApeYachtClub,2282515.9236000003
2022-08-21,1,MutantApeYachtClub,980613.3760000003
2022-08-21,504,BoredApeYachtClub,2300234.55
2022-08-22,1,MutantApeYachtClub,1195070.808
2022-08-22,504,BoredApeYachtClub,1845479.861801557
2022-08-23,1,MutantApeYachtClub,602732.1697742501
2022-08-23,504,BoredApeYachtClub,812559.94
2022-08-24,1,MutantApeYachtClub,987755.0208000002
2022-08-24,504,BoredApeYachtClub,2013482.27
2022-08-25,1,MutantApeYachtClub,1067886.1950000003
2022-08-25,504,BoredApeYachtClub,3540785.2202
2022-08-26,1,MutantApeYachtClub,799612.53
2022-08-26,504,BoredApeYachtClub,2443395.4762
2022-08-27,1,MutantApeYachtClub,436345.94480000006
2022-08-27,504,BoredApeYachtClub,2242893.55
2022-08-28,1,MutantApeYachtClub,581188.0322
2022-08-28,504,BoredApeYachtClub,840668.3200000001
2022-08-29,1,MutantApeYachtClub,439333.64820000005
2022-08-29,504,BoredApeYachtClub,641750.8300000001
2022-08-30,1,MutantApeYachtClub,484064.304
2022-08-30,504,BoredApeYachtClub,1023227.2300000001
2022-08-31,1,MutantApeYachtClub,328817.716
2022-08-31,504,BoredApeYachtClub,1808217.61
2022-09-01,1,MutantApeYachtClub,365490.71858000004
2022-09-01,504,BoredApeYachtClub,311067.0
2022-09-02,1,MutantApeYachtClub,181820.27
2022-09-02,504,BoredApeYachtClub,135334.62000000002
